Datetime,Water Level (m)
2025-07-15 18:00:00,1.3054216
2025-07-15 19:00:00,1.3944129
2025-07-15 20:00:00,1.2592582
2025-07-15 21:00:00,0.8856202
2025-07-15 22:00:00,0.339203
2025-07-15 23:00:00,-0.16413367
2025-07-16 00:00:00,-0.49029186
2025-07-16 01:00:00,-0.5861299
2025-07-16 02:00:00,-0.50067043
2025-07-16 03:00:00,-0.16628061
2025-07-16 04:00:00,0.40105024
2025-07-16 05:00:00,0.9953838
2025-07-16 06:00:00,1.4149737
2025-07-16 07:00:00,1.5760261
2025-07-16 08:00:00,1.4722245
2025-07-16 09:00:00,1.1274966
2025-07-16 10:00:00,0.59975797
2025-07-16 11:00:00,0.055227246
2025-07-16 12:00:00,-0.3827505
2025-07-16 13:00:00,-0.63218904
2025-07-16 14:00:00,-0.67935693
2025-07-16 15:00:00,-0.49844176
2025-07-16 16:00:00,-0.09282051
2025-07-16 17:00:00,0.47495624
2025-07-16 18:00:00,0.98907894
2025-07-16 19:00:00,1.282845
2025-07-16 20:00:00,1.337844
2025-07-16 21:00:00,1.1646637
2025-07-16 22:00:00,0.77606684
2025-07-16 23:00:00,0.3019878
2025-07-17 00:00:00,-0.12235731
2025-07-17 01:00:00,-0.38425204
2025-07-17 02:00:00,-0.45799676
2025-07-17 03:00:00,-0.3448201
2025-07-17 04:00:00,-0.004190752
2025-07-17 05:00:00,0.5176482
2025-07-17 06:00:00,1.0302539
2025-07-17 07:00:00,1.372339
2025-07-17 08:00:00,1.4586258
2025-07-17 09:00:00,1.3200706
2025-07-17 10:00:00,0.9472174
2025-07-17 11:00:00,0.4279916
2025-07-17 12:00:00,-0.069750115
2025-07-17 13:00:00,-0.44789684
2025-07-17 14:00:00,-0.6151516
2025-07-17 15:00:00,-0.6096209
2025-07-17 16:00:00,-0.39701372
2025-07-17 17:00:00,0.038048163
2025-07-17 18:00:00,0.5617745
2025-07-17 19:00:00,0.9754872
2025-07-17 20:00:00,1.2157983
2025-07-17 21:00:00,1.2558
2025-07-17 22:00:00,1.0936755
2025-07-17 23:00:00,0.756063
2025-07-18 00:00:00,0.35030782
2025-07-18 01:00:00,-0.019090202
2025-07-18 02:00:00,-0.27096936
2025-07-18 03:00:00,-0.34297922
2025-07-18 04:00:00,-0.23970696
2025-07-18 05:00:00,0.065412685
2025-07-18 06:00:00,0.5069156
2025-07-18 07:00:00,0.9429016
2025-07-18 08:00:00,1.2093692
2025-07-18 09:00:00,1.2626675
2025-07-18 10:00:00,1.1281034
2025-07-18 11:00:00,0.78941464
2025-07-18 12:00:00,0.35200045
2025-07-18 13:00:00,-0.06751685
2025-07-18 14:00:00,-0.3818547
2025-07-18 15:00:00,-0.5204428
2025-07-18 16:00:00,-0.512823
2025-07-18 17:00:00,-0.30429736
2025-07-18 18:00:00,0.08927378
2025-07-18 19:00:00,0.5579322
2025-07-18 20:00:00,0.9509744
2025-07-18 21:00:00,1.1948931
2025-07-18 22:00:00,1.2526827
2025-07-18 23:00:00,1.1315259
2025-07-19 00:00:00,0.84625316
2025-07-19 01:00:00,0.4865833
2025-07-19 02:00:00,0.15534268
2025-07-19 03:00:00,-0.07521486
2025-07-19 04:00:00,-0.15544897
2025-07-19 05:00:00,-0.100112714
2025-07-19 06:00:00,0.12425563
2025-07-19 07:00:00,0.48206496
2025-07-19 08:00:00,0.83062994
2025-07-19 09:00:00,1.0654805
2025-07-19 10:00:00,1.1309595
2025-07-19 11:00:00,1.0396332
2025-07-19 12:00:00,0.77359986
2025-07-19 13:00:00,0.4115219
2025-07-19 14:00:00,0.035692792
2025-07-19 15:00:00,-0.2767501
2025-07-19 16:00:00,-0.4351433
2025-07-19 17:00:00,-0.44453573
2025-07-19 18:00:00,-0.28446603
2025-07-19 19:00:00,0.05984212
2025-07-19 20:00:00,0.50841075
2025-07-19 21:00:00,0.9118584
2025-07-19 22:00:00,1.1859066
2025-07-19 23:00:00,1.2909633
2025-07-20 00:00:00,1.2239491
2025-07-20 01:00:00,0.99907523
2025-07-20 02:00:00,0.65960026
2025-07-20 03:00:00,0.3179573
2025-07-20 04:00:00,0.05224083
2025-07-20 05:00:00,-0.092306145
2025-07-20 06:00:00,-0.105804525
2025-07-20 07:00:00,0.03853078
2025-07-20 08:00:00,0.33267877
2025-07-20 09:00:00,0.67183584
2025-07-20 10:00:00,0.92735505
2025-07-20 11:00:00,1.0463057
2025-07-20 12:00:00,1.0189023
2025-07-20 13:00:00,0.8274834
2025-07-20 14:00:00,0.502725
2025-07-20 15:00:00,0.15017025
2025-07-20 16:00:00,-0.16862898
2025-07-20 17:00:00,-0.37774438
2025-07-20 18:00:00,-0.4332198
2025-07-20 19:00:00,-0.3233249
2025-07-20 20:00:00,-0.015342943
2025-07-20 21:00:00,0.4265753
2025-07-20 22:00:00,0.8750209
2025-07-20 23:00:00,1.209795
2025-07-21 00:00:00,1.3797103
2025-07-21 01:00:00,1.3631793
2025-07-21 02:00:00,1.1599088
2025-07-21 03:00:00,0.8181606
2025-07-21 04:00:00,0.44050205
2025-07-21 05:00:00,0.114092454
2025-07-21 06:00:00,-0.10846017
2025-07-21 07:00:00,-0.1758673
2025-07-21 08:00:00,-0.09631549
2025-07-21 09:00:00,0.1607546
2025-07-21 10:00:00,0.5216305
2025-07-21 11:00:00,0.8398018
2025-07-21 12:00:00,1.036275
2025-07-21 13:00:00,1.0786266
2025-07-21 14:00:00,0.9382032
2025-07-21 15:00:00,0.62338185
2025-07-21 16:00:00,0.24646315
2025-07-21 17:00:00,-0.12307888
2025-07-21 18:00:00,-0.4014425
